time_published,title,classification
20241013T130051,"Election Interference, Superchip Factories, And Trillion-Dollar Opportunities: AI Takes Center Stage - Apple  ( NASDAQ:AAPL ) , Advanced Micro Devices  ( NASDAQ:AMD ) ",not forward-looking
20241013T110128,"Apple's Exciting Week: New Display Tech, MacBook Leaks, And A Health-Centric Vision - Apple  ( NASDAQ:AAPL ) ",forward-looking
20241013T095600,Should You Buy Apple Stock Before Oct. 28?,not forward-looking
20241013T090400,2 Monster Stocks That Could Soar in 2025,not forward-looking
20241013T090300,"Want a $1 Million Nest Egg by Retirement? Invest $250,000 in These 3 Stocks and Wait a Decade.",forward-looking
20241013T090100,"Meet the Stock-Split Stock That Soared 10,720% Over the Past 15 Years. Now, It's Poised to Join Apple, Nvidia, Microsoft, Alphabet, Amazon, and Meta in the $1 Trillion Club",forward-looking
20241013T084900,"What's the Best ""Magnificent Seven"" Stock to Buy if Trump Wins in November?",not forward-looking
20241013T070100,A Google Breakup Could Be Coming. Is Alphabet Stock a Buy?,not forward-looking
20241012T090000,How Much Is Apple Stock Really Worth?,not forward-looking
20241012T083600,271 Billion Reasons Warren Buffett May Be Ready to Buy Stocks,not forward-looking
20241012T062527,Tim Cook-Led Apple Accused By NLRB Of Restricting Employee Advocacy On Social Media: 2nd Complaint Against iPhone-maker This Month - Apple  ( NASDAQ:AAPL ) ,not forward-looking
20241012T035224,End Of An Era? Apple's 16-year-Old Accessory Is Out Of Stock Worldwide - Apple  ( NASDAQ:AAPL ) ,not forward-looking
20241011T220900,Why Affirm Holdings Stock Leaped 12% Higher Today,forward-looking
20241011T175212,"Logitech Merges Style With Productivity by Unveiling POP Icon Keys - Intel  ( NASDAQ:INTC ) , Logitech International  ( NASDAQ:LOGI ) ",forward-looking
20241011T155932,Palantir Leads the AI Service Revolution As Tech Giants Stall,not forward-looking
20241011T153100,Logitech Merges Style With Productivity by Unveiling POP Icon Keys,forward-looking
20241011T132500,"Stock Market News for Oct 11, 2024",not forward-looking
20241011T122800,3 State Street Global Advisors Mutual Funds to Invest in,not forward-looking
20241011T120000,Taiwan Semiconductor's Pre-Q3 Earnings: ETFs in Focus,forward-looking
20241011T111500,Prediction: 3 Stocks That'll Be Worth More Than Apple 5 Years From Now,not forward-looking
20241011T102007,Should Vanguard Russell 1000 Growth ETF  ( VONG )  Be on Your Investing Radar?,not forward-looking
20241011T100156,"Apple's Key Supplier Under Scrutiny After Employees Detained In China Over Breach Of Trust Allegations: No Harm To iPhone Partner, Says Taiwan Council - Apple  ( NASDAQ:AAPL ) ",not forward-looking
20241011T092711,How To Make Calls Faster Using This iOS 18 Feature On Your iPhone,forward-looking
20241011T090600,"This Is the One Stock Warren Buffett Keeps Buying, Regardless of Valuation",not forward-looking
20241011T081100,Should You Buy Apple Stock Now or Wait for a Dip?,forward-looking
20241011T074107,Apple Goes From Waging Encryption War With FBI To Holding Hush-Hush Global Police Summits - An Evolving Relationship With Law Enforcement? - Apple  ( NASDAQ:AAPL ) ,not forward-looking
20241011T073143,Apple Card Slashes Savings Account Interest For 3rd Time Following Fed's Decisions: Here's What You Need To Know - Apple  ( NASDAQ:AAPL ) ,not forward-looking
20241011T073000,Should You Forget Nvidia and Buy These 2 Tech Stocks Instead?,not forward-looking
20241011T070500,Prediction: Here Is What Apple Might Do to Catch Up in the Artificial Intelligence  ( AI )  Revolution,not forward-looking
20241011T061824,iOS 18 Users To Benefit From Richer Even Tickets In Apple Wallet After Ticketmaster Announces Support - Live Nation Entertainment  ( NYSE:LYV ) ,not forward-looking
20241011T043939,"Tesla Pulls An Apple, Drops The Charging Port Before Cupertino Could Remove It From The iPhone - Tesla  ( NASDAQ:TSLA ) ",not forward-looking
20241011T032013,Tim Cook Says 'Hearts Go Out' To Those Impacted By Devastation Left Behind By Hurricane Milton: Apple Will Make A Donation For 'Relief Efforts On The Ground' - Apple  ( NASDAQ:AAPL ) ,not forward-looking
20241010T162311,"TSM Vs. AVGO: Who Will Be The Next Trillion-Dollar AI Giant? - Broadcom  ( NASDAQ:AVGO ) , Taiwan Semiconductor  ( NYSE:TSM ) ",not forward-looking
20241010T161202,Hotter Inflation But Jobless Claims Cushion The Blow - Selling In Nvidia And AI Stocks - Apple  ( NASDAQ:AAPL ) ,not forward-looking
20241010T142516,"Market Clubhouse Morning Memo - October 10th, 2024  ( Trade Strategy For SPY, QQQ, AAPL, MSFT, NVDA, GOOGL, META And TSLA )  - Alphabet  ( NASDAQ:GOOGL ) , Apple  ( NASDAQ:AAPL ) ",not forward-looking
20241010T133300,"Stock Market News for Oct 10, 2024",forward-looking
20241010T110000,Best Stock to Buy Right Now: Apple vs. Nike,forward-looking
20241010T105414,"Jeff Bezos-Led Amazon Almost Ran Out Of Cash 24 Years Ago. At $400B, It Is Now Projected To Have As Much Cash As Apple And Microsoft Combined By 2027: Here's More - Apple  ( NASDAQ:AAPL ) , Amazon.com  ( NASDAQ:AMZN ) ",not forward-looking
20241010T084102,'Can't Believe It:' Popular YouTuber Shares How Apple Watch Series 10 Detected Atrial Fibrillation And Saved His Grandmother - Apple  ( NASDAQ:AAPL ) ,not forward-looking
20241010T074435,"S&P Settles At Record High As Apple, Amazon Shares Surge: Investor Optimism Improves Ahead Of Inflation Data - Delta Air Lines  ( NYSE:DAL ) ",forward-looking
20241010T060939,How To Switch From Google Photos To Apple's iCloud,forward-looking
20241010T043139,"Apple TV+ Coming To Amazon Prime Video This Month: What You Need To Know About the $9.99 Add-On - Apple  ( NASDAQ:AAPL ) , Amazon.com  ( NASDAQ:AMZN ) ",not forward-looking
20241009T181114,"Google Analysts React To DOJ's Proposed Remedies For Search Dominance: 'We Continue To View Structural Changes As An Unlikely Outcome' - Alphabet  ( NASDAQ:GOOG ) , Apple  ( NASDAQ:AAPL ) ",not forward-looking
20241009T170828,Is The iPhone Losing Its Buzz Among Teens? Piper Sandler Finds Out - Apple  ( NASDAQ:AAPL ) ,not forward-looking
20241009T154000,Can Google's Partnership With Vodafone Push the GOOGL Stock Higher?,forward-looking
20241009T153354,"Google Breakup On The Table, Nvidia AI Summit Moves The Stock But Resistance Ahead - Apple  ( NASDAQ:AAPL ) ",not forward-looking
20241009T151719,Behind the Scenes of Apple's Latest Options Trends - Apple  ( NASDAQ:AAPL ) ,forward-looking
20241009T143730,"Market Clubhouse Morning Memo - October 9th, 2024  ( Trade Strategy For SPY, QQQ, AAPL, MSFT, NVDA, GOOGL, META And TSLA )  - Invesco QQQ Trust, Series 1  ( NASDAQ:QQQ ) ",not forward-looking
20241009T140500,"Is Disney Stock a Buy, Sell or Hold at a P/S Multiple of 1.77X?",forward-looking
20241009T121931,"Why Nvidia, Apple Chip Supplier TSMC Stock Is Rallying In Wednesday's Premarket - Taiwan Semiconductor  ( NYSE:TSM ) ",forward-looking
